{
  "exportFormatVersion": 2,
  "containerVersion": {
    "container": {
      "name": "Choice OMG \u2013 Standard Conversion Events (Template)",
      "usageContext": ["WEB"],
      "features": {
        "supportTags": true,
        "supportTriggers": true,
        "supportVariables": true,
        "supportBuiltInVariables": true,
        "supportTemplates": true
      }
    },
    "tag": [
      {
        "name": "GA4 - form_submit",
        "type": "gaawe",
        "parameter": [
          {
            "type": "BOOLEAN",
            "key": "sendEcommerceData",
            "value": "false"
          },
          {
            "type": "LIST",
            "key": "eventSettingsTable",
            "list": [
              {
                "type": "MAP",
                "map": [
                  {
                    "type": "TEMPLATE",
                    "key": "parameter",
                    "value": "utm_campaign"
                  },
                  {
                    "type": "TEMPLATE",
                    "key": "parameterValue",
                    "value": "{{Data Layer Variable - utm_campaign}}"
                  }
                ]
              }
            ]
          },
          {
            "type": "LIST",
            "key": "userProperties",
            "list": [
              {
                "type": "MAP",
                "map": [
                  {
                    "type": "TEMPLATE",
                    "key": "name",
                    "value": "user_email"
                  },
                  {
                    "type": "TEMPLATE",
                    "key": "value",
                    "value": "{{Data Layer Variable - user_email}}"
                  }
                ]
              },
              {
                "type": "MAP",
                "map": [
                  {
                    "type": "TEMPLATE",
                    "key": "name",
                    "value": "user_phone"
                  },
                  {
                    "type": "TEMPLATE",
                    "key": "value",
                    "value": "{{Data Layer Variable - user_phone}}"
                  }
                ]
              }
            ]
          },
          {
            "type": "TEMPLATE",
            "key": "eventName",
            "value": "form_submit"
          },
          {
            "type": "TEMPLATE",
            "key": "measurementIdOverride",
            "value": "{{GA4 Measurement ID}}"
          }
        ],
        "firingTriggerId": ["2"],
        "tagFiringOption": "ONCE_PER_EVENT",
        "consentSettings": {
          "consentStatus": "NOT_SET"
        }
      },
      {
        "name": "GA4 - clicked_phone",
        "type": "gaawe",
        "parameter": [
          {
            "type": "BOOLEAN",
            "key": "sendEcommerceData",
            "value": "false"
          },
          {
            "type": "LIST",
            "key": "eventSettingsTable",
            "list": [
              {
                "type": "MAP",
                "map": [
                  {
                    "type": "TEMPLATE",
                    "key": "parameter",
                    "value": "clicked_phone"
                  },
                  {
                    "type": "TEMPLATE",
                    "key": "parameterValue",
                    "value": "{{Data Layer Variable - clicked_phone}}"
                  }
                ]
              }
            ]
          },
          {
            "type": "TEMPLATE",
            "key": "eventName",
            "value": "clicked_phone"
          },
          {
            "type": "TEMPLATE",
            "key": "measurementIdOverride",
            "value": "{{GA4 Measurement ID}}"
          }
        ],
        "firingTriggerId": ["3"],
        "tagFiringOption": "ONCE_PER_EVENT",
        "consentSettings": {
          "consentStatus": "NOT_SET"
        }
      },
      {
        "name": "GA4 - clicked_email",
        "type": "gaawe",
        "parameter": [
          {
            "type": "BOOLEAN",
            "key": "sendEcommerceData",
            "value": "false"
          },
          {
            "type": "LIST",
            "key": "eventSettingsTable",
            "list": [
              {
                "type": "MAP",
                "map": [
                  {
                    "type": "TEMPLATE",
                    "key": "parameter",
                    "value": "clicked_email"
                  },
                  {
                    "type": "TEMPLATE",
                    "key": "parameterValue",
                    "value": "{{Data Layer Variable - clicked_email}}"
                  }
                ]
              }
            ]
          },
          {
            "type": "TEMPLATE",
            "key": "eventName",
            "value": "clicked_email"
          },
          {
            "type": "TEMPLATE",
            "key": "measurementIdOverride",
            "value": "{{GA4 Measurement ID}}"
          }
        ],
        "firingTriggerId": ["4"],
        "tagFiringOption": "ONCE_PER_EVENT",
        "consentSettings": {
          "consentStatus": "NOT_SET"
        }
      },
      {
        "name": "Google Ads - form_submit (optional)",
        "type": "awct",
        "parameter": [
          {
            "type": "BOOLEAN",
            "key": "enableNewCustomerReporting",
            "value": "false"
          },
          {
            "type": "BOOLEAN",
            "key": "enableConversionLinker",
            "value": "true"
          },
          {
            "type": "BOOLEAN",
            "key": "enableProductReporting",
            "value": "false"
          },
          {
            "type": "BOOLEAN",
            "key": "enableShippingData",
            "value": "false"
          },
          {
            "type": "TEMPLATE",
            "key": "conversionId",
            "value": "{{Google Ads Conversion ID}}"
          },
          {
            "type": "TEMPLATE",
            "key": "conversionLabel",
            "value": "{{Google Ads Conversion Label - Form Submit}}"
          },
          {
            "type": "BOOLEAN",
            "key": "rdp",
            "value": "false"
          }
        ],
        "firingTriggerId": ["2"],
        "tagFiringOption": "ONCE_PER_EVENT",
        "consentSettings": {
          "consentStatus": "NOT_SET"
        }
      },
      {
        "name": "Google Ads - clicked_phone (optional)",
        "type": "awct",
        "parameter": [
          {
            "type": "BOOLEAN",
            "key": "enableNewCustomerReporting",
            "value": "false"
          },
          {
            "type": "BOOLEAN",
            "key": "enableConversionLinker",
            "value": "true"
          },
          {
            "type": "BOOLEAN",
            "key": "enableProductReporting",
            "value": "false"
          },
          {
            "type": "BOOLEAN",
            "key": "enableShippingData",
            "value": "false"
          },
          {
            "type": "TEMPLATE",
            "key": "conversionId",
            "value": "{{Google Ads Conversion ID}}"
          },
          {
            "type": "TEMPLATE",
            "key": "conversionLabel",
            "value": "{{Google Ads Conversion Label - Phone Click}}"
          },
          {
            "type": "BOOLEAN",
            "key": "rdp",
            "value": "false"
          }
        ],
        "firingTriggerId": ["3"],
        "tagFiringOption": "ONCE_PER_EVENT",
        "consentSettings": {
          "consentStatus": "NOT_SET"
        }
      },
      {
        "name": "Google Ads - clicked_email (optional)",
        "type": "awct",
        "parameter": [
          {
            "type": "BOOLEAN",
            "key": "enableNewCustomerReporting",
            "value": "false"
          },
          {
            "type": "BOOLEAN",
            "key": "enableConversionLinker",
            "value": "true"
          },
          {
            "type": "BOOLEAN",
            "key": "enableProductReporting",
            "value": "false"
          },
          {
            "type": "BOOLEAN",
            "key": "enableShippingData",
            "value": "false"
          },
          {
            "type": "TEMPLATE",
            "key": "conversionId",
            "value": "{{Google Ads Conversion ID}}"
          },
          {
            "type": "TEMPLATE",
            "key": "conversionLabel",
            "value": "{{Google Ads Conversion Label - Email Click}}"
          },
          {
            "type": "BOOLEAN",
            "key": "rdp",
            "value": "false"
          }
        ],
        "firingTriggerId": ["4"],
        "tagFiringOption": "ONCE_PER_EVENT",
        "consentSettings": {
          "consentStatus": "NOT_SET"
        }
      },
      {
        "name": "Google Ads - generate_lead (optional)",
        "type": "awct",
        "parameter": [
          {
            "type": "BOOLEAN",
            "key": "enableNewCustomerReporting",
            "value": "false"
          },
          {
            "type": "BOOLEAN",
            "key": "enableConversionLinker",
            "value": "true"
          },
          {
            "type": "BOOLEAN",
            "key": "enableProductReporting",
            "value": "false"
          },
          {
            "type": "BOOLEAN",
            "key": "enableShippingData",
            "value": "false"
          },
          {
            "type": "TEMPLATE",
            "key": "conversionId",
            "value": "{{Google Ads Conversion ID}}"
          },
          {
            "type": "TEMPLATE",
            "key": "conversionLabel",
            "value": "{{Google Ads Conversion Label - Generate Lead}}"
          },
          {
            "type": "BOOLEAN",
            "key": "rdp",
            "value": "false"
          }
        ],
        "firingTriggerId": ["5"],
        "tagFiringOption": "ONCE_PER_EVENT",
        "consentSettings": {
          "consentStatus": "NOT_SET"
        }
      },
      {
        "name": "Conversion Linker",
        "type": "gclidw",
        "parameter": [
          {
            "type": "BOOLEAN",
            "key": "enableCrossDomain",
            "value": "false"
          },
          {
            "type": "BOOLEAN",
            "key": "enableUrlPassthrough",
            "value": "false"
          },
          {
            "type": "BOOLEAN",
            "key": "enableCookieOverrides",
            "value": "false"
          }
        ],
        "firingTriggerId": ["1"],
        "tagFiringOption": "ONCE_PER_EVENT",
        "consentSettings": {
          "consentStatus": "NOT_SET"
        }
      }
    ],
    "trigger": [
      {
        "triggerId": "2",
        "name": "Form Submit (DL event)",
        "type": "CUSTOM_EVENT",
        "customEventFilter": [
          {
            "type": "EQUALS",
            "parameter": [
              {
                "type": "TEMPLATE",
                "key": "arg0",
                "value": "{{_event}}"
              },
              {
                "type": "TEMPLATE",
                "key": "arg1",
                "value": "form_submit"
              }
            ]
          }
        ]
      },
      {
        "triggerId": "3",
        "name": "Phone Click (DL event)",
        "type": "CUSTOM_EVENT",
        "customEventFilter": [
          {
            "type": "EQUALS",
            "parameter": [
              {
                "type": "TEMPLATE",
                "key": "arg0",
                "value": "{{_event}}"
              },
              {
                "type": "TEMPLATE",
                "key": "arg1",
                "value": "clicked_phone"
              }
            ]
          }
        ]
      },
      {
        "triggerId": "4",
        "name": "Email Click (DL event)",
        "type": "CUSTOM_EVENT",
        "customEventFilter": [
          {
            "type": "EQUALS",
            "parameter": [
              {
                "type": "TEMPLATE",
                "key": "arg0",
                "value": "{{_event}}"
              },
              {
                "type": "TEMPLATE",
                "key": "arg1",
                "value": "clicked_email"
              }
            ]
          }
        ]
      },
      {
        "triggerId": "5",
        "name": "Generate Lead (DL event)",
        "type": "CUSTOM_EVENT",
        "customEventFilter": [
          {
            "type": "EQUALS",
            "parameter": [
              {
                "type": "TEMPLATE",
                "key": "arg0",
                "value": "{{_event}}"
              },
              {
                "type": "TEMPLATE",
                "key": "arg1",
                "value": "generate_lead"
              }
            ]
          }
        ]
      },
      {
        "triggerId": "1",
        "name": "All Pages",
        "type": "PAGEVIEW"
      }
    ],
    "variable": [
      {
        "name": "Data Layer Variable - user_email",
        "type": "v",
        "parameter": [
          { "type": "INTEGER", "key": "dataLayerVersion", "value": "2" },
          { "type": "BOOLEAN", "key": "setDefaultValue", "value": "false" },
          { "type": "TEMPLATE", "key": "name", "value": "user_email" }
        ]
      },
      {
        "name": "Data Layer Variable - user_phone",
        "type": "v",
        "parameter": [
          { "type": "INTEGER", "key": "dataLayerVersion", "value": "2" },
          { "type": "BOOLEAN", "key": "setDefaultValue", "value": "false" },
          { "type": "TEMPLATE", "key": "name", "value": "user_phone" }
        ]
      },
      {
        "name": "Data Layer Variable - utm_campaign",
        "type": "v",
        "parameter": [
          { "type": "INTEGER", "key": "dataLayerVersion", "value": "2" },
          { "type": "BOOLEAN", "key": "setDefaultValue", "value": "false" },
          { "type": "TEMPLATE", "key": "name", "value": "utm_campaign" }
        ]
      },
      {
        "name": "Data Layer Variable - clicked_phone",
        "type": "v",
        "parameter": [
          { "type": "INTEGER", "key": "dataLayerVersion", "value": "2" },
          { "type": "BOOLEAN", "key": "setDefaultValue", "value": "false" },
          { "type": "TEMPLATE", "key": "name", "value": "clicked_phone" }
        ]
      },
      {
        "name": "Data Layer Variable - clicked_email",
        "type": "v",
        "parameter": [
          { "type": "INTEGER", "key": "dataLayerVersion", "value": "2" },
          { "type": "BOOLEAN", "key": "setDefaultValue", "value": "false" },
          { "type": "TEMPLATE", "key": "name", "value": "clicked_email" }
        ]
      },
      {
        "name": "GA4 Measurement ID",
        "type": "c",
        "parameter": [
          { "type": "TEMPLATE", "key": "value", "value": "G-XXXXXXXXXX" }
        ]
      },
      {
        "name": "Google Ads Conversion ID",
        "type": "c",
        "parameter": [
          { "type": "TEMPLATE", "key": "value", "value": "0000000000" }
        ]
      },
      {
        "name": "Google Ads Conversion Label - Form Submit",
        "type": "c",
        "parameter": [
          {
            "type": "TEMPLATE",
            "key": "value",
            "value": "AW-CONVERSION_LABEL_FORM"
          }
        ]
      },
      {
        "name": "Google Ads Conversion Label - Phone Click",
        "type": "c",
        "parameter": [
          {
            "type": "TEMPLATE",
            "key": "value",
            "value": "AW-CONVERSION_LABEL_PHONE"
          }
        ]
      },
      {
        "name": "Google Ads Conversion Label - Email Click",
        "type": "c",
        "parameter": [
          {
            "type": "TEMPLATE",
            "key": "value",
            "value": "AW-CONVERSION_LABEL_EMAIL"
          }
        ]
      },
      {
        "name": "Google Ads Conversion Label - Generate Lead",
        "type": "c",
        "parameter": [
          {
            "type": "TEMPLATE",
            "key": "value",
            "value": "AW-CONVERSION_LABEL_LEAD"
          }
        ]
      }
    ],
    "builtInVariable": [
      { "type": "EVENT", "name": "Event" },
      { "type": "CLICK_URL", "name": "Click URL" }
    ]
  }
}
